,words,probabilities
0,<s>,0.5
1,</s>,0.1388888888888889
2,w</s>,0.05555555555555555
3,i</s>,0.05555555555555555
4,k</s>,0.027777777777777776
5,e</s>,0.027777777777777776
6,n</s>,0.05555555555555555
7,t</s>,0.027777777777777776
8,r</s>,0.05555555555555555
9,o</s>,0.027777777777777776
10,d</s>,0.027777777777777776
